RAdeg,DEdeg,Vmag
64.33238601,46.21767795,7.09
275.82115832,-43.22889991,9.68
181.01885401,-41.70926948,8.12
18.86515481,51.74113208,7.56
295.63820169,-59.00946588,7.48
146.26342132,68.70404478,9.45
318.75916299,-30.98309862,7.4
146.4181842,-70.11826269,7.14
70.07383679,-58.94433445,6.53
68.25635898,-38.28341151,7.63
25.39122144,-45.41948097,9.31
293.02388438,-25.46808066,11.17
15.02354891,2.63298133,7.62
294.88556138,19.16961097,7.68
180.712826,-68.5848739,7.72
136.17334889,-17.23678981,7.16
235.56807573,29.62332597,8.57
319.52131,-29.51305066,8.47
119.41559451,77.57647786,6.87
127.60707254,-59.21407632,8.77
45.92640836,-64.82270749,8.81
288.36036715,-38.29236779,9.64
13.21252447,-1.90079276,8.65
348.4237915,-39.71071253,9.34
346.74289131,66.09577127,10.61
290.15358437,49.4598735,7.88
307.26554188,-51.08489605,7.68
174.32440612,6.27001298,7.12
63.36826385,-49.12189927,8.44
285.05696213,50.53345884,5.39
16.89323852,-29.28675143,9.32
34.34582606,61.35179594,8.22
144.08153591,-61.13262081,8.1
323.40750207,-57.08195967,8.15
320.669064,-56.16876828,8.65
241.37974677,-49.79856085,8.75
242.50947377,6.53055098,8.6
1.58655035,68.63612309,8.06
28.21703176,-16.92912351,5.78
347.43391042,59.33268922,5.68
44.21812835,59.08893371,9.06
109.83384957,-22.04971467,7.02
22.44463773,65.17106561,6.71
200.4478172,5.82596203,9.16
341.19097318,-30.25041884,9.67
159.12307503,44.5065247,8.57
201.29199975,-78.95209059,7.89
355.53894549,-32.64210236,9.14
3.16896301,-43.16447354,7.53
341.84034788,14.12318822,6.95
159.00648751,2.74742048,7.78
236.44354156,-25.49557278,7.72
70.39459136,-68.60764208,8.07
40.49372189,64.39526455,9.55
202.25861916,29.20949098,10.72
340.84307832,-15.8968144,8.73
145.95391843,7.49863586,8.76
57.54310338,-16.77526548,8.12
325.68905006,59.27084085,6.1
270.97547558,26.65139062,6.93
279.38472634,14.87397186,8.07
38.09769411,70.12729661,8.07
255.9010849,-19.46214487,9.48
222.25246381,53.50827553,9.34
192.582667,-58.05400948,7.8
44.61818753,-39.31505204,9.48
220.82926931,54.74823111,8.53
268.86477579,-62.99213083,10.17
20.53983077,-59.12635522,7.52
325.58654746,11.81849533,9.75
66.77522682,-25.00977153,9.3
282.96560698,-24.65441817,8.02
189.63454302,0.21734002,8.45
315.38461304,66.70932246,8.24
268.97181036,-87.24026537,7.96
258.62161341,43.51183259,9.52
137.72206941,18.88866854,8.09
1.45705278,-52.82010001,9.37
249.77945821,-28.90395512,8.55
148.92919035,49.81979501,5.27
321.26768514,13.19983627,8.61
239.09497046,20.41871357,8.45
264.90662995,-32.3201233,7.16
265.9345455,-46.60627144,8.13
227.42116377,-35.8658613,7.0
152.39864887,-35.66102425,9.13
131.25845536,-41.51619835,8.73
202.98363313,47.23442602,7.06
326.04641808,9.87500791,2.38
217.79335845,76.56530089,8.16
26.32143153,-31.89154828,8.97
63.74512886,-0.9973904,7.99
290.87311627,54.73131486,9.07
282.45398321,-23.83576457,10.37
302.20639935,-15.41213554,8.3
123.9935503,18.69393199,7.54
35.33904474,68.08127681,9.55
302.42851277,-45.36703323,7.93
32.09128403,-18.64058388,10.16
275.72977361,19.14926415,7.99
316.81409259,-48.97027893,8.35
242.26215069,57.93780185,6.33
157.37014182,-52.76617053,8.34
335.05299673,29.51876591,8.12
344.53878256,-17.69328088,8.14
165.88013123,-39.0229481,9.24
257.77572499,-15.21801542,9.14
139.99369137,-42.000058,8.31
7.76405345,34.65065848,9.43
305.53767393,26.33827419,8.05
118.00006414,78.22589831,8.15
204.36540378,36.29484073,4.82
128.94942277,-75.10788036,9.85
63.32085584,-48.27178042,9.31
45.73832224,-2.99799214,8.07
347.63981534,45.09946235,8.19
280.33021643,27.92509615,8.32
297.82315678,24.97665829,10.87
319.4281273,20.5053805,7.97
123.91336971,-1.2473539,8.17
221.94453472,1.83118776,9.21
204.67026747,-51.10197844,8.29
238.41666266,-32.63713608,9.65
243.57058286,40.95557468,9.63
75.68048487,-26.63492767,8.84
303.11035346,34.9154785,8.51
257.16073471,-40.84984323,8.46
12.30780333,57.07503538,7.12
301.4833338,4.77556419,6.96
17.31277465,-69.15474118,9.71
113.19549711,28.98777839,9.38
271.2447556,-6.35058932,8.61
267.44088776,-10.47486099,8.97
114.53630934,-16.04435637,7.32
266.67101035,5.7742943,7.14
324.61444989,-81.34107083,9.9
211.67299713,-5.51811053,8.35
17.10751906,63.51587592,11.52
229.53274448,51.6170813,8.21
138.59210273,-47.41888352,8.68
318.78654986,-18.10390931,9.01
28.25938388,59.10212861,8.85
106.71868219,-24.96058078,6.09
89.72051574,25.77706236,6.63
24.09640186,-41.30795259,8.87
107.1865509,-18.27087303,8.68
352.58438928,1.99348613,9.6
333.91636306,-37.21139042,10.47
213.03634104,37.51091967,9.42
73.46121193,-26.43223332,10.68
118.19397424,-41.31267215,8.64
21.48888689,13.24834251,10.63
17.86330901,21.03467568,4.66
66.11080651,2.49094973,7.76
352.83135815,42.06882025,9.01
14.33416991,52.239943,7.1
144.35477685,8.85096211,8.86
243.81394732,-47.37190984,5.13
318.1229753,38.56650046,7.35
56.11662905,-44.7725889,9.24
65.76281976,-1.36238644,8.48
255.92828514,-61.95034074,8.43
88.07189908,58.96413909,6.14
205.6365038,58.84911073,9.14
218.05409889,4.14232542,7.26
159.11904377,-28.45424333,11.98
292.87465163,28.71725209,7.6
327.21774337,3.15852706,8.33
324.6717012,64.38561029,7.23
75.29998495,-9.86626019,9.11
102.71945871,-20.91038372,7.16
209.20971717,-49.96804064,8.24
119.33365125,-47.89072855,6.21
11.4887331,-30.70927907,7.83
214.39194454,70.35845791,9.52
202.37162157,-18.72905861,6.88
90.43463418,-18.06089845,8.35
82.81054942,3.2921351,5.46
327.93652918,66.8479281,9.8
296.15904371,34.41415588,6.39
107.88197378,-49.42619224,7.5
98.69303336,7.57249971,6.44
91.05437117,-14.0844168,6.94
306.60278262,-60.02218784,8.86
137.37567574,-0.39799228,8.62
214.59244341,-26.21033862,8.97
67.76715913,6.79154883,6.78
225.12672802,-22.84933883,7.66
10.90754148,-60.68549381,9.21
203.24359305,-27.35255238,9.19
75.43443138,20.83007077,7.99
28.54976128,9.95080156,7.78
3.87253869,-40.45449469,7.65
324.77527499,-33.67875173,6.28
48.47395297,-56.9193925,8.63
356.7158346,-24.29362782,8.25
338.13902519,-58.78326929,9.73
192.22087093,29.15161948,10.58
285.65975416,34.58259179,7.68
68.65356583,-33.64620575,7.41
250.50402067,-61.86406833,8.98
27.0802669,-26.10074207,9.57
225.05568441,-14.72851189,9.04
346.05568477,-5.77353014,8.38
22.00826845,-27.10948939,7.41
157.28200672,-12.4349027,8.11
252.62354045,-51.54713701,7.87
163.52608883,-62.0424557,7.75
270.59643025,-23.03334738,7.14
41.78545702,42.17545041,7.74
57.68302388,-63.16393533,8.34
48.39586782,-47.19356837,8.39
298.85005193,29.35842007,8.74
260.38171543,-22.92585231,8.7
256.27291037,46.96718764,8.24
147.70418153,-65.4465788,8.03
260.54450942,-46.82342967,10.47
213.30206876,-56.74249371,10.2
155.28403256,-52.50585246,10.26
193.19912376,51.20238048,9.6
121.3769897,-69.86368027,7.81
86.84071572,-40.32138727,8.52
107.4913695,7.72466153,6.65
14.00627513,-11.26650685,5.35
218.42737744,-36.26935938,9.18
59.74486992,-11.43484635,8.53
35.06574184,-50.30225936,7.24
306.1320018,-17.01082816,8.13
237.54734827,-6.53735679,9.97
172.67849035,-47.5315229,9.39
110.94589902,12.96575197,8.19
181.36414795,10.96065506,7.91
165.66559806,-32.73819794,10.67
204.34447779,-12.32850737,9.75
204.54010387,-19.18871436,8.52
315.17914865,16.06379593,7.76
16.50714923,-39.41399143,8.96
57.09307609,8.58042083,7.4
128.43776897,13.25742717,6.26
66.91302235,-33.16144019,8.55
46.06128736,-34.40823126,8.86
6.2702287,39.14585596,8.34
54.39219664,65.80769311,8.55
193.32553175,-45.14193188,7.59
82.2745205,-7.77744396,9.02
15.69078301,45.4253039,8.54
115.71369207,-55.31286094,7.64
331.30568519,19.41393627,8.56
4.30484839,-14.10914351,9.51
293.983875,23.85642995,8.18
113.46036006,-35.81421897,8.07
131.29191047,29.67012797,8.96
234.14972779,-17.01505119,7.74
4.8437368,-53.84415142,7.78
63.15193394,42.1184423,8.01
65.77358735,-24.89211883,5.81
109.30145262,11.12650042,7.55
62.32079144,30.77595545,9.45
331.07976686,-42.72452962,8.81
126.04353577,-11.43909904,9.44
167.9072756,42.81818314,8.26
261.85806362,4.22751687,12.34
148.77472979,24.63749301,7.07
325.99600843,34.89988331,9.06
332.04781411,-36.60839245,8.9
318.66847852,41.71635167,9.69
329.44799728,19.87819932,7.47
232.0273195,-27.13641133,9.25
346.0983826,-24.11556175,9.06
217.13258833,73.05510699,8.62
37.77474551,-28.51373609,9.64
211.56221664,7.37405544,11.27
49.32042856,-49.96856799,8.95
49.7911104,-65.72805993,7.31
45.94967484,-14.55526326,9.27
92.92989493,-55.80186566,8.8
91.02893301,-39.83626398,8.17
197.57534591,-70.97227327,11.09
272.60941453,-62.00276787,5.47
171.42666403,-14.53732282,7.16
325.17809989,84.33333718,8.37
219.64305342,48.58342927,9.48
92.63300343,-34.81686102,6.65
341.05280328,-27.10004911,11.0
215.64275643,20.52311647,8.19
137.41448335,63.35103265,9.17
90.840589,31.39014934,7.08
147.21990094,8.30177506,7.51
185.51761053,-8.55766309,8.98
37.07530581,-14.207268,8.73
11.36692411,-51.6259515,11.91
102.92842478,0.55144638,10.56
294.48920331,26.01666058,7.86
150.60838989,69.04073265,8.17
306.20685754,-59.96469137,8.46
179.84296047,-30.06081202,6.83
105.620362,-14.67631866,10.51
54.86699378,-8.01195293,8.19
26.23991784,-28.72636081,6.95
81.47878077,61.7830635,9.16
8.05851728,34.99394306,6.74
268.19233287,-55.38225898,11.95
256.96339529,-25.45855992,8.52
41.17827966,-0.84611922,7.86
30.71872421,64.90149425,6.0
73.00837262,-46.85240898,7.13
147.28348878,47.65187977,9.23
292.09379955,53.97031268,7.96
170.49621036,25.48395941,9.53
346.72649004,-21.45688102,8.98
272.33888844,29.95156418,6.84
23.62371944,34.66096699,9.66
243.37573227,-51.61745612,8.67
91.66176627,-56.10060467,8.45
39.2223352,-35.3199147,7.59
21.10480962,8.43735074,12.26
131.67278557,-8.46860069,8.78
244.64328051,7.26046712,7.78
302.1497927,-30.46959276,9.55
67.69259458,40.14659734,7.82
328.54173949,16.86547511,10.86
326.74642237,-44.85161096,10.1
115.54259877,-58.63093533,6.4
81.54956225,30.24459018,9.65
161.42999052,-10.86637444,7.94
307.80445003,11.26062772,7.08
19.46606199,-32.0080027,9.59
36.60063854,-3.87750587,9.07
295.70677543,23.46331513,8.75
177.21866981,-16.59772566,7.62
246.30568812,-21.93654138,10.4
290.34968742,-5.59775692,9.0
348.25642403,42.06223643,6.91
247.13264488,29.0756707,7.24
175.65915935,18.77345718,9.14
216.94779449,-11.32763883,8.61
236.95913059,-69.00878881,9.12
232.81100924,64.14591333,9.06
244.09978173,8.03602229,7.47
342.23102041,-8.86487484,9.63
98.15469968,-29.58259339,8.97
101.58410297,15.38440356,9.42
250.04938837,-26.45383906,8.58
151.62546282,28.53979672,10.72
201.30744218,-2.22529242,8.35
130.76810298,-48.18434509,8.88
77.02910453,-49.29719021,7.44
207.52625866,-40.835746,9.79
299.20456453,-30.57016459,6.55
339.10433968,46.92750596,10.37
212.99725731,-38.12102917,9.45
279.82834642,63.792144,8.33
88.07386578,-56.46291749,7.62
91.36320378,-35.51368651,5.8
201.07667305,1.39974722,7.24
113.65768725,0.17438142,8.44
255.30646789,-12.21715548,9.95
146.91609097,37.30422967,9.05
187.41148257,-66.59859019,9.25
209.04894823,36.44783924,9.18
304.08242795,21.59876279,6.11
315.46096123,-36.57413517,7.12
309.97776902,-40.97212038,8.85
329.19760769,-28.81758441,7.91
333.25312198,-69.68549858,9.06
239.53218734,-50.67487701,8.56
325.28285672,-47.49346885,9.0
100.13434964,71.74875988,5.88
35.75320539,62.21657652,8.85
106.62798351,-57.77845619,7.71
328.10570848,2.38950195,12.74
142.80564072,-57.0343916,3.16
41.45571832,-62.72416338,7.19
357.23116631,-28.1300148,4.59
253.84518395,-69.27976384,7.25
29.46369151,33.80621904,8.16
204.17433148,69.77662996,8.25
47.66036726,-5.39391676,8.21
34.8399407,14.90888283,9.39
169.42065963,25.46046802,7.38
97.73762043,-47.25757951,8.31
94.17878597,47.0615442,9.18
240.21489649,12.47662751,8.1
245.84560797,-26.3711394,9.6
18.68698554,4.59683805,8.5
356.90013616,34.52160493,7.51
224.36916204,40.16430492,8.88
141.04887728,60.44713079,7.33
345.39700271,-29.78727155,9.05
2.23568502,12.804472,8.48
42.42778058,-69.81177732,8.69
93.48794708,-7.24808216,6.78
150.52415299,21.69115762,8.66
68.44703315,1.81027971,8.94
99.05506291,-36.64773494,8.15
236.71195267,-5.25660828,10.23
282.13094887,-19.68563366,8.7
157.77714233,6.618206,10.18
273.5157341,-62.94451979,8.35
15.37565359,69.35852805,6.67
273.31530787,16.27327829,6.77
68.42858171,28.72957851,10.01
258.55936153,-26.9842547,6.64
286.45847986,59.29199044,7.68
207.07503797,-6.83733465,6.57
44.7277298,53.2270092,10.22
218.39237433,-14.07654616,9.13
121.18519862,47.2898767,8.38
40.87043285,-2.53149459,6.48
4.94636984,74.27656372,8.4
139.42628604,-54.49485748,6.33
181.19714422,-27.67856773,10.26
17.321981,34.80593036,7.54
179.60812194,-50.25335462,7.78
127.47352407,22.44232823,9.89
356.46539624,33.29051524,7.51
106.64986453,-12.39395311,6.48
108.20573412,-7.14937957,7.54
294.37194213,-42.94543359,9.34
255.63484511,35.77995524,8.17
295.14502805,62.66457599,7.36
62.71633997,42.2096513,8.83
270.0994711,-6.61600036,8.43
334.7593693,46.00510343,7.39
151.1794322,54.34546039,8.97
83.9219542,-7.37431526,9.32
144.55577372,23.54702316,7.87
171.80001068,-82.51724548,8.96
288.10149196,36.18220482,6.95
324.27743325,53.37676243,7.82
132.43614765,44.97783789,7.97
308.07394418,-43.11277369,10.34
256.39131136,-24.47911891,9.52
359.6402002,-29.21035167,8.41
175.05874527,21.38613488,8.99
335.70949358,36.65891683,6.45
102.41892448,-31.25916267,8.34
193.28696676,-60.88151729,8.76
91.54807438,-45.81583693,7.24
113.15873033,-16.82482793,8.92
104.46317757,-21.93722324,9.37
261.62574065,-62.51400261,8.69
282.50253752,6.22188784,9.5
93.65357854,12.47715124,8.15
270.14666018,-56.35182044,9.06
187.33524502,17.3220449,7.71
32.56707347,33.36533659,8.05
197.63257055,-10.81460924,7.81
96.41758624,-51.13443692,8.69
276.60270207,-41.06455896,9.1
213.21144912,11.62046571,8.99
312.06796971,44.07661301,8.84
276.06682453,36.14501644,9.45
79.41769273,-13.51970778,5.48
22.52839703,22.3482958,8.78
168.12607775,24.65183958,8.15
134.91255477,-31.37247704,8.75
292.46308691,-37.03792368,9.03
154.75520147,72.38472274,9.11
281.03655816,-19.31788263,6.74
35.97868166,33.50782896,7.89
140.26540971,-45.04190874,7.64
330.73679805,22.08296391,8.78
192.94670254,22.54429535,10.51
99.38950561,9.69924141,10.22
349.15956182,-19.96182601,9.04
94.71158258,69.3200343,4.76
195.70286876,-0.7944007,8.72
53.62439947,-34.83229352,7.04
304.96696689,-15.01775167,8.26
333.19270936,40.79387971,8.11
243.58652601,-3.69397562,2.73
258.441625,-24.05220267,9.01
80.41626724,-2.05130153,8.49
257.87249137,48.77964016,8.53
228.89143803,-16.93466432,9.53
254.77320262,-48.87512564,6.64
339.62223673,-14.05912862,8.69
29.45203048,12.94315638,9.1
35.25551482,-33.88693592,9.24
67.94934519,14.15496082,10.33
339.85795135,55.0487714,8.34
271.52173126,-8.05744939,9.75
287.61448629,48.44440571,7.2
47.01596021,52.21356389,6.33
58.02069193,18.13488922,9.35
139.23338681,-40.11664176,7.11
322.84318561,22.7419147,7.58
202.13679351,-23.09816992,11.8
275.51917569,75.86189687,8.16
173.63172203,-42.65006074,9.05
134.65738199,20.5471686,9.22
261.12163396,-76.18513286,9.4
286.73164713,-48.29911462,5.95
109.153487,-23.31560155,4.83
227.08142101,50.0550062,6.33
352.10427624,-38.64563303,7.36
193.5664912,-27.95942317,7.34
316.93216234,-5.56643033,7.59
159.44012895,-29.09765021,8.08
306.76240368,-59.23403244,8.52
245.48757114,-51.51184754,10.15
45.17398347,-35.93779684,9.19
190.94904866,-71.03783105,7.93
287.54108144,2.35740345,7.86
203.81615512,-31.40858339,8.89
358.69304607,-21.77482015,10.8
5.90578351,22.80744789,9.21
226.99382523,-14.59246256,7.98
122.79036947,84.40731522,7.59
297.29844746,19.79483667,7.91
291.53298687,-32.60632236,9.92
246.03466158,48.35400404,10.27
68.9129437,6.17843351,10.8
90.85867561,3.86261794,7.1
30.0321764,-54.42292519,8.82
342.6950962,-31.21610981,10.21
239.83451857,5.36576228,10.63
326.4990805,36.43157193,8.89
241.08179185,6.01135927,7.14
20.80612755,49.5384565,9.48
62.29125233,19.60929366,5.51
92.48995477,-76.25562762,9.56
137.18549628,-16.2771575,6.48
0.14739023,-29.26338247,10.96
83.9489722,-19.94678222,7.95
187.51380599,-61.45597841,8.37
156.0950688,-61.55188612,7.61
167.64031521,-9.41682395,8.11
249.85863648,29.21814841,7.26
54.06944654,17.8120806,8.6
136.67906251,20.51031551,7.68
226.64084456,2.61715895,8.82
306.94801033,26.14670754,7.49
257.64109648,-50.65747469,9.8
199.79891773,-56.27906864,8.63
214.78849142,59.30199899,8.72
122.27409154,-50.51992787,8.77
79.60127028,47.04819108,7.72
120.85222497,-30.73217996,8.3
231.07748382,38.18795238,7.57
64.63187292,12.56670232,8.36
133.74053255,-15.77942562,7.1
231.87254672,-43.08741231,8.45
294.7931528,68.65250336,6.78
187.42886106,-3.33160201,8.99
15.68711439,-40.01696096,9.13
201.20004193,-6.97924253,11.62
310.2574426,34.29383374,8.35
62.68532621,-4.87450715,7.36
283.86510408,60.94623317,7.54
191.67245767,-25.81612075,10.57
83.83205556,43.23936969,7.31
109.30411716,75.19533721,8.44
265.9826855,69.0741099,7.82
100.40737405,35.93199076,6.48
77.72765223,79.48144405,8.57
114.31339006,53.84085963,7.35
14.18385769,-38.9325339,8.81
136.18142129,41.38378133,9.19
87.51115293,9.87122224,5.79
32.21096151,30.76721937,9.38
226.22527408,-18.59061013,9.5
88.69623563,13.84629663,8.29
291.78079313,19.42471084,10.38
131.30502962,-41.87896817,7.97
342.76976348,44.08490557,9.57
65.6815222,1.49745564,9.5
137.29024283,-20.92726407,7.42
112.25691754,31.9934153,7.73
195.59273744,37.34539777,8.1
204.46045458,25.42785217,9.5
328.43983244,40.4194555,9.07
5.18178259,3.44948223,8.08
41.03989291,-60.0560519,9.84
236.28128319,28.46983604,8.06
276.81543004,39.34024585,9.54
359.25602451,39.36978174,9.36
13.13304691,-20.99605992,7.84
143.21468574,-67.64267706,8.32
205.55409628,8.38860602,6.16
309.46640563,-60.63432569,7.5
342.5004181,24.60168486,3.51
348.8022425,-41.95529473,8.71
235.2569825,5.5144455,8.28
221.27867372,18.62776542,9.62
139.03134693,50.67983684,8.47
14.83529281,-0.67452887,7.65
283.72274465,51.30807291,7.96
29.95343261,4.59189832,8.31
34.50333918,-71.46747297,8.18
201.93660524,3.87407283,10.27
97.54700158,-10.08150589,5.92
210.87871854,-52.05938529,7.38
125.17084087,25.33629615,7.27
38.8757545,53.68789708,9.04
114.48986714,-32.13117905,6.7
21.27198122,-64.3694363,5.92
88.11201429,6.20947432,6.9
139.67650557,-51.5606599,5.83
138.72301625,-8.75081956,10.76
175.94888047,18.52240718,9.42
40.34002121,4.42793018,6.99
219.50269244,-54.51118802,8.01
50.32322017,-59.63988267,8.3
56.73155153,18.28399831,8.94
210.74043953,22.04252113,8.79
28.37477967,12.68248358,7.07
66.55737771,-62.75370447,8.54
35.90489611,52.68185385,7.93
346.69015714,-27.74172451,10.65
293.87413266,-7.46018539,6.32
302.28387813,16.90708917,6.91
192.20698994,14.03287979,8.6
144.99030115,9.51090611,8.89
303.19711045,-24.80440944,8.43
20.88347851,22.95703383,8.94
100.70351624,-50.45181158,7.02
44.19476437,-13.23874824,8.21
136.12416537,12.21885571,8.68
243.46810171,16.43428202,7.74
129.30412951,17.25413046,8.94
235.24798787,-71.74476832,7.59
351.61428684,8.64438584,7.1
343.79560112,-4.98787812,5.72
80.34001004,14.94341756,9.6
162.16236042,-61.14375263,8.29
51.04160259,35.76221637,9.16
310.55261149,50.34002067,5.41
82.1985998,-24.26100926,7.32
32.97139849,56.57978894,10.36
114.01856807,66.47029517,7.23
278.33425731,-37.32951577,8.38
17.80330589,-1.27429223,8.35
318.19687474,60.09801033,6.91
208.58913341,-17.1801055,6.59
195.068019,20.72430257,9.9
211.34119488,76.98159874,7.82
138.2265853,12.24893302,8.83
210.69504282,-29.39936964,9.24
18.6658567,-35.00386167,10.62
18.03865098,-54.09499403,8.75
37.54818832,43.17884825,8.2
253.05550725,-26.91960322,8.3
72.16022992,-71.01978295,9.81
169.00066616,-47.30569717,7.28
64.46901746,54.47001061,8.48
202.4153732,74.88069371,7.54
203.14059122,42.73109502,8.11
113.79794321,52.81323193,11.06
91.23431096,-5.34303352,7.98
66.16076507,-74.5091011,9.47
78.62187094,-7.28282091,8.52
159.1040468,-55.36698559,8.62
159.76224445,-58.81560689,8.33
10.81866644,-45.17866872,10.09
193.84382834,69.88747409,8.9
225.63900165,-12.41388051,10.1
151.43874244,-30.89162665,6.62
7.22601145,57.20974899,7.3
220.37906873,-49.31033422,10.36
332.34582853,54.17774349,9.04
225.46639726,15.78136846,9.36
161.52436746,-57.54754096,9.07
87.86479369,-17.90178921,8.18
216.93884214,23.84065941,10.93
318.45179313,-43.12979753,7.14
210.21658097,-49.52606852,8.26
76.73071555,-5.16555869,7.3
64.6984699,-34.12129199,7.86
297.19621082,-49.5248831,7.78
290.50641463,70.61368334,8.24
18.87832014,81.47973601,9.93
129.46736838,-26.25497008,5.24
284.35667285,-13.10133496,8.07
213.74674581,1.89657795,9.22
159.66015508,49.20816927,8.16
91.02943425,-20.62057037,8.69
215.03613336,30.42914436,6.45
89.63833291,38.89340429,7.23
296.98050736,41.64851167,8.38
187.48412291,-36.49849957,12.52
205.17019218,19.20031593,7.65
251.69640732,-13.33876272,8.35
274.96696427,29.66638344,6.01
150.31327203,-31.68717567,9.34
35.70639326,65.8040516,9.61
101.51320872,-1.68534028,8.25
320.53253046,-10.51328569,10.21
48.28323122,-34.37563691,8.84
348.26572982,-24.1057227,7.97
342.87520543,6.61159886,8.78
134.16429955,33.25783809,7.32
200.90098888,33.37371745,9.26
218.71364092,-38.60409736,8.76
127.05105929,7.14718734,7.68
149.537677,-23.84652304,9.21
125.32832404,-14.97585176,6.81
184.60009501,-5.03124215,8.65
229.96838669,-75.328758,7.72
328.08054635,39.80171233,8.24
294.428,80.0071407,8.75
257.18326997,-64.84651255,8.02
120.97064632,-31.27303573,9.47
354.32365416,-20.9319204,10.88
261.43987888,2.11430212,7.54
203.9980299,-0.57761663,8.33
236.41658932,-55.97514246,8.21
182.39353671,-70.85064544,8.88
212.5658137,-0.29920394,9.15
330.20922938,-28.45373726,5.43
64.66600467,53.51537872,7.61
115.87345942,-54.24132855,6.88
205.07018677,-60.2659881,9.14
202.14961299,33.66727624,8.14
,,10.83
299.92739876,33.99110945,11.44
96.8041052,-12.83836444,8.36
200.4859725,22.31091775,8.27
54.38655117,28.44181844,9.16
1.73459748,-43.98527,7.62
283.62126995,-45.4862587,6.65
342.36474436,-48.42957066,10.05
193.1428842,-40.94097194,8.51
226.60168286,80.0197346,8.5
99.41672698,-38.62833004,7.9
225.07166157,-78.84605213,9.88
1.33394073,-5.70783255,4.61
29.65014494,16.53789896,8.96
213.22964186,-40.8334665,6.75
136.05471676,-35.04429812,8.34
150.28179666,55.09603534,9.04
309.80434491,10.97833852,8.35
92.60748943,31.42292034,9.47
159.40931531,-9.71830947,8.7
145.52281648,34.26523001,10.44
266.63250808,-7.98529815,7.35
343.14126645,35.33760513,7.13
102.58764065,-6.1927927,7.6
198.11833404,79.65233601,7.52
34.64451014,-88.14567966,8.25
228.24186271,14.80393151,9.04
176.98495996,27.34058324,7.48
338.20308336,10.40542134,9.34
32.89976643,-41.86956094,9.33
193.70105523,30.99868293,10.13
10.24671196,21.02047943,7.05
238.96079326,-35.67603478,7.75
246.17243607,-17.5607587,8.6
230.9669418,-44.95540582,8.4
357.5530965,-34.45170451,8.91
312.65422764,18.05125622,6.63
28.10908221,-38.74525743,8.02
315.7731291,-19.32058937,8.55
241.00909183,-47.47608227,9.34
58.2010475,26.36626957,10.44
132.44175177,13.95424877,9.32
292.41943501,26.01333819,10.84
260.58782043,-52.88238967,9.26
274.40270053,7.1524081,8.32
21.90651305,-48.5030207,8.42
49.2294106,-31.35211781,7.15
260.21095438,-45.42073725,7.26
141.02214092,18.18523093,8.89
349.38047722,55.08921385,8.37
225.01515737,44.58634245,6.91
120.85082577,21.85030261,10.24
73.24665553,11.26396236,10.0
3.81027616,-30.93505699,9.4
359.60389559,-50.90898033,9.09
127.36684317,34.12851815,8.89
286.4215809,-15.66039343,5.93
336.25203229,-30.72072429,9.62
50.38927921,-47.77662913,6.4
192.01693147,3.45534062,7.96
320.41555688,-4.48662365,7.76
97.78893111,9.93982337,7.85
151.94026882,-7.63073464,6.63
218.08997464,31.63515406,9.89
296.95878368,-0.06367773,8.1
99.46182951,-70.93333845,8.71
131.9001304,23.09006491,9.4
282.99182485,-83.31630912,7.17
89.58501134,-10.87474415,8.07
11.25627971,-7.89488136,10.91
208.64824239,-55.07179716,7.18
95.07113874,-10.88210816,7.22
175.4788658,-44.10349027,7.89
52.95433039,49.40109538,6.41
313.95752483,47.41766542,5.68
167.92505031,26.83197097,7.98
6.0262164,50.89330623,8.85
84.45094052,2.74639068,9.17
198.68496648,-63.5810553,6.87
321.05586071,-19.7934433,9.12
107.46745475,-16.23472715,6.62
52.39584209,-23.47581001,6.88
347.47955881,11.74526612,8.85
36.84609143,53.50007525,8.62
1.74821471,65.53871712,10.41
233.64219911,-65.10307699,8.59
300.58867993,19.72380903,8.5
51.21808829,-50.95178313,10.69
77.28544442,-14.73221111,8.1
94.83553267,-27.10148636,11.21
352.6696332,5.24645923,8.33
141.66850132,43.01269647,8.94
226.24292616,24.48502707,10.48
209.73272242,-33.13689405,9.65
162.67339504,-25.52258882,8.64
286.13755351,45.92162799,7.16
96.67773299,-14.60340061,6.32
45.02380148,39.19030349,9.55
126.99760675,-35.11378822,5.75
173.09647751,-36.32332371,8.1
217.87565837,-26.59752018,8.88
255.05563671,49.47174104,8.34
202.10922186,-60.38625891,8.81
220.23784359,9.35481622,8.71
164.33424913,-69.03806214,6.48
281.66428606,-39.73086024,6.88
170.77140916,-28.89696884,7.52
42.99099642,11.30668828,8.38
201.06239637,-25.12889331,7.54
33.76084727,55.79322857,8.4
178.09242746,58.37933188,9.2
328.72657325,32.33874311,7.09
353.2424506,-37.81835895,4.38
294.85556676,16.57113626,6.37
243.35811292,11.4180357,8.26
70.33223225,28.61506693,5.73
251.8448075,69.09878088,7.49
220.70461691,-45.59754051,8.13
32.38759247,22.00973476,8.84
107.74896153,-67.96136992,7.17
348.78116771,74.89065528,9.01
293.37280317,78.05911735,8.34
28.67144612,78.19656306,6.67
185.93954832,-36.8749043,9.31
128.16167783,-68.86446799,8.32
114.12889995,16.07596514,8.28
316.64406359,-49.96329984,9.09
345.42578112,-51.46815737,8.17
352.72845792,7.99693811,8.1
327.73512597,-20.18881758,7.75
287.78382156,29.19731303,10.48
208.22105723,53.75117892,8.36
289.2438721,13.11922085,8.7
81.56351913,-59.19242439,8.81
190.61849545,-51.81101908,9.79
306.46736135,8.98395565,8.8
78.91166823,-52.18223022,6.48
138.42436456,62.76744618,8.15
227.55657102,-16.45431147,9.44
241.50501407,-8.77042083,7.89
165.44258911,6.867797,9.57
229.13032006,-55.61081079,8.12
67.7476476,-39.1791906,9.2
124.4374508,-61.46667237,8.66
90.88447829,8.58965506,7.72
113.83813512,26.60230277,8.17
243.46444026,40.34905109,7.98
163.69003988,72.45226961,9.32
342.24986096,46.78767084,10.64
236.00769128,2.51552506,5.86
4.98795992,1.58254462,7.62
43.56055421,-22.951384,8.45
240.15987054,-73.60858409,8.22
62.41766247,-66.04685993,8.48
136.55242521,15.86235765,7.41
79.87993331,-25.1241195,6.94
333.82086317,-70.65288564,6.88
319.48594855,17.6282133,7.85
226.11685576,-8.04689217,7.31
317.42472207,-12.63182881,9.28
270.91221434,-39.40527428,8.03
305.10914384,-6.36151378,6.63
127.84111183,-6.03369607,11.19
238.15013,-67.63956517,7.0
196.25289165,-51.04123018,7.7
124.96845651,7.60843448,9.66
275.22301526,62.95522846,8.88
102.67394035,30.32902606,10.14
234.56813116,-9.5742528,9.69
156.23274206,-3.5188683,8.49
338.1696001,-65.43536476,9.05
258.24028712,35.16462204,7.68
58.08591724,-34.35831679,8.87
192.57501399,35.72582415,8.31
339.16233278,-48.30604716,6.65
107.40743197,60.79220478,6.64
130.3640959,6.82414708,9.06
200.56787422,-52.18295165,5.81
203.4573091,3.13195492,8.63
85.71318515,35.37922856,8.52
88.72722886,-0.21833551,9.22
256.43255714,54.32840941,9.65
55.51025245,54.92077089,9.25
272.30073905,-22.18351254,8.88
186.88105147,-66.94814081,8.94
274.10825155,-59.40281518,8.22
104.98006591,-10.27276893,9.55
189.7962725,83.64407107,7.33
91.94111975,38.12972025,10.06
39.77270624,-27.8216197,7.12
294.04853837,12.16163891,6.72
313.2969673,15.43187729,8.86
212.03518324,-42.99285657,9.65
141.57717755,-12.53747117,8.49
266.8808343,-20.83731102,7.19
128.52466384,3.47959547,8.93
295.14323829,-58.46982756,8.58
83.52089854,-11.35968309,8.77
208.99373821,-39.40968915,7.19
288.32398357,14.94269234,7.27
50.79709916,21.56801288,9.28
60.66025991,-0.80102081,6.93
191.76490006,81.70351646,9.04
150.52110349,-15.02905526,7.59
204.93594936,-29.14079054,10.34
1.23366004,23.26964739,7.82
141.66624823,-43.12810993,9.12
61.8276183,-28.69004406,9.08
330.68475125,42.81450988,7.22
192.0743582,-32.32471091,7.41
313.07819569,-4.70259217,8.11
67.61600712,36.10927326,8.44
356.0468594,-40.68589138,7.48
40.92118289,21.14716003,7.8
82.36407036,-0.04223476,7.98
121.21800232,23.61387195,8.36
259.48183277,-62.70279891,7.62
22.66314837,25.91482241,7.25
173.60049845,44.01845416,10.0
206.80221289,-23.47527151,8.93
356.00438262,-45.08312786,6.08
102.70066608,-10.6771536,8.96
338.65141842,48.75622277,7.75
173.92643343,-61.28787407,6.23
334.83917725,-46.68574732,7.93
120.45521334,-28.40788691,8.46
263.20892545,19.08628627,7.59
138.21378123,-31.82340528,8.63
354.44874291,66.00897616,9.72
241.53915827,-38.03833161,8.03
280.59385484,-47.7608914,6.6
119.71792203,-1.61550443,8.92
1.21827175,51.98257157,9.21
290.03746516,27.91007396,7.8
218.13564141,-18.82266834,8.67
25.40857754,-40.4040951,9.14
7.71114628,81.3751145,8.15
236.23784915,-5.12992432,9.97
70.96634086,-7.03895415,9.27
117.48681319,-42.14575989,8.18
261.62866503,4.14034239,4.34
52.00395041,-11.28648689,5.74
174.11825115,-61.6651452,7.13
198.13361096,-34.74738803,7.76
183.35831031,10.26236039,5.85
85.35470981,-42.27334055,8.6
344.29061609,-19.55358541,7.97
325.81805788,38.01750944,7.67
342.04813467,-38.04751571,9.23
235.08933806,43.84621826,7.16
100.63389735,-34.36110822,8.14
73.34188862,1.52861479,9.18
221.8024686,-52.20524925,6.07
194.85743885,-29.47695727,8.73
339.22480968,7.7823506,7.64
204.2960597,71.2422665,5.5
65.1080825,-21.33600618,7.98
298.0787326,4.28581338,8.48
276.65738559,-31.7676152,9.24
275.21692548,3.37714467,4.85
25.95010483,74.6045468,6.59
35.73129857,66.84395306,8.23
254.66115133,59.79764614,9.15
219.06501303,23.98403143,7.65
194.78847421,7.90075006,7.87
158.53040438,12.37444471,7.87
113.91541745,-52.53380809,4.93
274.14736056,-20.54446476,6.89
22.88574548,-43.84654868,8.19
234.67334088,-45.70873228,6.97
180.56359917,-52.52977322,7.47
278.47286565,-24.03226534,5.49
144.51344903,-54.21912609,6.88
26.55793181,6.53615326,8.77
283.10324067,26.74556201,7.96
200.93596493,-14.04501726,11.78
329.86541649,-17.99562812,8.06
54.93816584,56.38304102,6.53
8.54482241,10.29958061,6.76
41.48191607,-66.31778098,9.18
306.94222318,-5.65421065,6.98
194.62901146,-12.51332303,7.76
224.1830971,13.14943788,8.11
128.41129548,-42.63313068,8.55
130.72578134,16.44987836,7.8
149.24489452,-34.82565901,7.4
254.63922493,-9.726112,8.77
314.36418446,18.29679779,8.79
259.80212875,-59.69459145,5.93
300.73144804,45.98691863,8.35
188.22533792,-16.66003959,7.46
234.36817651,7.52788596,9.31
151.10027838,50.16346114,9.37
300.14747226,-72.91018443,3.97
277.60028918,-24.06328681,8.32
243.91675424,-52.37027418,8.79
265.18725652,4.15099903,7.62
326.29265862,-0.50790402,11.19
8.77017154,77.50089827,8.31
194.42869453,52.38065213,9.55
120.97189284,-68.9368737,6.84
142.96544598,-5.07998417,7.68
334.91054121,-0.59785613,9.0
116.85612954,30.0974751,8.34
39.55021044,-41.90442097,7.23
259.03974437,-61.18555443,8.94
164.48302782,8.15900654,10.81
213.6858296,61.36589023,10.0
4.92339505,-30.65862054,9.14
251.41227631,-25.69680964,9.32
272.86223249,-5.20499574,6.74
56.52808017,27.34623421,9.61
178.88500768,-54.14106983,9.57
268.97090498,-2.77258341,9.1
42.00199304,29.04485665,8.92
275.35879156,18.17380522,10.29
105.7081547,-20.32429415,9.45
264.05354313,-30.54179188,8.93
149.74183108,-48.49017406,8.01
332.81691222,68.85633754,8.18
167.0778937,82.74312035,8.26
251.70926245,39.10508091,8.72
181.19357187,-1.1602627,8.61
58.33818044,23.12359814,8.29
46.83102771,8.3956395,9.04
167.07058839,-1.90309069,6.66
347.24475838,62.81559043,7.43
345.55095062,12.53685487,8.86
151.15738731,-11.72964083,8.15
106.98196094,-48.91713952,8.86
56.79409281,51.70657022,6.9
45.67861252,-49.8648801,8.5
354.44081469,46.0790731,8.55
145.12854585,-71.80459713,8.91
150.13175734,15.86431101,7.74
142.0260945,-10.02459388,7.26
328.04645652,-85.83656586,7.7
329.93954481,-10.31307232,7.91
357.39275077,4.89363465,7.99
93.22540896,13.14460855,9.13
21.27487917,54.39072356,9.29
225.92302849,-66.17533805,8.18
292.10913964,24.99542948,7.14
54.97752834,55.87895597,8.41
168.29297305,0.23931283,10.29
99.28047394,-52.3471511,7.72
318.41459624,-9.62830061,9.32
3.22974594,-3.3815183,7.37
38.5143969,-40.69426596,10.72
266.15454688,-8.77464142,9.51
296.84975147,-1.80799452,8.22
272.03385995,25.17511613,7.86
126.90271156,-53.08853976,5.08
326.21587218,-42.28562022,8.77
172.15561728,-45.14090418,7.76
247.06483024,69.74692471,8.86
342.70126749,64.34906643,9.8
329.80786694,41.95909472,8.55
136.63368237,-7.25455445,8.62
49.25235922,-63.3307802,7.6
97.87989184,61.35002102,7.67
356.81642211,-11.91089898,5.74
224.72080247,-4.98899499,6.08
247.18575869,-17.47750773,9.08
103.54961627,-62.46333607,8.34
287.8464799,40.42915794,6.2
256.94448562,27.13783573,7.99
317.3943561,-21.04597539,8.39
146.22138284,-27.36463789,8.6
292.24052504,15.24324807,8.17
122.94957432,66.01712966,8.55
200.68765779,-19.46925387,9.88
21.84042787,6.9624489,8.29
77.22966005,-2.52131594,8.63
208.94017864,63.14970407,7.97
200.03380124,-59.44102985,9.55
94.46278484,35.32808572,9.12
195.77233515,-71.47572327,5.93
217.80455777,-34.68109124,7.77
195.17589331,-54.14398917,9.3
310.97658489,-68.56876383,9.12
240.00412292,22.99606762,7.81
209.60474517,-58.73837813,9.8
121.8168054,-17.36880923,6.5
8.95289342,49.02115007,6.89
93.82379533,-18.47701325,5.99
315.98395836,18.7350475,7.9
105.77029834,38.14286624,9.46
214.413304,-20.75596604,10.27
145.71203497,-22.9655427,7.92
183.66128464,-6.68203256,9.07
356.57841908,11.13184245,8.19
194.74051915,-21.54668947,6.62
168.52671705,20.52403384,2.56
121.70910926,-47.56050623,8.01
295.02306697,25.0915074,9.16
87.99630779,-11.35559621,8.65
214.38916202,-26.95849967,7.26
156.05496694,-27.42599134,8.5
192.79990221,-69.64520631,7.24
272.63138418,54.2859522,5.97
40.02363875,-13.58270225,10.8
281.34044922,36.56725424,7.03
200.53436822,-12.57953334,6.88
221.0739158,-24.12875386,6.82
227.63568358,48.00087401,9.11
114.5035554,12.80146606,8.98
231.08754519,-5.09876303,8.73
313.08779456,15.10627716,8.72
326.54004657,-45.15483601,8.98
221.68264165,-45.40195881,10.15
84.40915263,23.14746562,9.05
208.58696646,-35.39715584,8.61
258.54826795,29.56942746,8.41
257.84281131,-57.95559357,8.89
285.49509872,-56.97173862,8.32
20.82289812,-33.48283863,9.2
93.7179358,-0.41511227,8.3
192.52204376,-7.63222915,6.99
199.8291397,-72.03547781,6.04
291.58824561,59.42827458,8.04
259.5206342,3.1469806,6.87
199.52291418,-60.39728085,7.49
266.09985237,-22.19490506,6.58
233.89073323,-51.59621305,8.85
193.84128248,-4.50430311,7.25
162.92836514,-3.6597915,9.16
99.92777365,-30.47002424,5.7
31.63214628,26.83763203,8.69
263.97363425,38.01230174,8.59
122.88434311,7.21424498,9.08
185.71434878,-33.99468193,8.15
124.87288144,-11.88294011,7.66
176.3181259,43.21035296,8.09
338.42996167,43.48534399,8.06
7.68917654,57.06505408,7.72
122.50379074,17.01651233,7.34
321.75459593,-31.93899769,8.8
19.42844919,-18.74619636,9.74
121.2687908,13.11837053,5.14
193.98808228,-56.83580429,5.34
38.03678892,50.21705747,7.72
235.89679044,8.62054576,8.34
33.38962584,53.05859199,6.5
11.44801857,-30.66389145,8.83
244.75180357,-14.87282262,5.97
140.63425039,49.54483875,6.94
81.91469745,-60.41576917,6.99
273.1187577,-15.37324297,8.05
119.63653108,-36.63457085,8.32
227.18847777,-61.63375393,6.82
247.46296261,5.97077586,6.9
295.99478649,-40.4365911,9.43
118.00406884,-41.78681972,7.87
169.21052671,-53.50277877,9.56
137.92291669,-46.23429434,9.4
265.71178982,43.16402862,11.0
325.5169816,-30.59409703,10.52
194.52629837,17.7683119,7.87
242.2404838,-36.93829341,9.31
260.79922299,-51.02438246,10.53
25.7131287,-44.88497087,9.09
95.29423157,-19.2524831,9.68
115.88498187,-28.41095714,4.63
238.98014737,-50.95655048,9.94
98.41440102,-54.1172347,8.23
56.93498652,14.36015151,8.74
132.00112657,52.12601578,9.29
238.34557097,-62.60654867,6.22
322.40081536,17.642376,10.33
141.0517025,11.87404688,10.88
84.90053092,6.88249518,8.43
138.19270388,64.73818784,9.05
109.52283401,34.95175606,8.1
150.87534565,53.33531241,7.59
77.39776145,17.90745976,9.83
351.76505838,37.97986124,8.76
11.54605612,-22.24147318,9.01
152.21812843,-32.87184084,8.71
214.89889842,34.58506311,10.23
345.52628821,37.47708836,8.05
194.64968815,-6.94836138,7.76
335.89173199,45.34998125,7.07
313.98646062,63.08572325,9.63
274.53083507,43.56968234,9.03
330.85324945,5.4406999,7.31
317.8103622,-16.39334842,9.61
233.51444047,-14.22948923,7.25
183.55847341,33.45014458,8.04
178.78184908,0.97368164,11.47
52.35359274,-5.55471339,9.6
118.62199178,47.38597337,6.25
225.00909757,-1.87227193,8.96
69.41248752,49.86035991,9.1
28.59832467,77.347274,10.96
54.50294779,-38.7740458,8.61
178.53183285,24.69026266,10.1
50.8237481,-7.79356443,6.2
177.06685467,-48.92523279,8.99
260.11109649,-57.24809701,7.41
7.32196501,80.91340034,11.37
189.31152057,-42.78912323,9.1
164.57828288,13.27832611,8.51
193.73768452,45.10884458,9.4
238.30078139,13.19799059,6.07
31.82489917,-53.19898114,8.64
280.97656881,47.61630344,6.68
29.60329285,-76.33981418,9.95
69.14464995,19.76003759,7.32
225.50718381,-30.12019664,10.61
15.73924598,-9.86127874,8.52
183.02622144,-55.35734499,9.36
232.70306064,17.43992905,8.99
250.81815156,-18.45828768,8.97
287.93132893,17.88361216,8.2
268.40203302,61.04380521,7.88
95.02271046,-23.10531999,7.92
296.87665702,56.91113362,7.04
323.72080115,-29.69608094,6.42
342.57862224,-36.29440471,8.96
311.43819922,22.92096096,7.7
65.43946359,50.03518808,7.11
15.4735136,-14.13105117,8.6
115.83712236,32.66538684,9.36
316.61246733,32.45780258,10.12
336.83837821,-58.00064067,6.87
342.13832136,-51.31670354,3.49
169.87583773,-74.00558668,8.53
27.13877382,16.30608748,8.5
350.28262639,-46.11184761,10.12
219.33476297,49.99411882,9.76
236.59399773,13.72075878,7.93
71.13684171,38.74950649,8.72
40.69794042,62.67382264,8.99
51.65506637,64.24916947,9.47
214.6313932,46.08936839,8.58
49.92243602,47.9352469,9.64
254.82722193,-16.90256929,8.59
145.67966736,48.43105765,6.36
149.78926713,-67.39891255,9.55
339.3492444,20.65669508,10.0
298.21020283,-23.15590384,7.8
173.63715034,-35.16990743,9.13
254.45925516,-39.11573382,6.59
163.76819684,-0.80527719,10.07
147.82804353,40.19822608,9.33
38.64838873,10.7648597,10.64
6.69866816,-22.9491911,10.68
15.62638146,79.40331221,8.37
338.61875544,-76.03867133,9.21
198.39644458,-63.10273883,8.44
302.56622989,-47.33187288,8.79
324.71336386,64.76963154,10.06
216.72091798,-53.93969364,8.3
64.8193549,-44.26783026,5.33
147.71089377,-38.84204006,8.11
266.5228569,-36.65898922,8.46
88.49485735,-14.38041405,11.46
329.25127525,2.75957204,8.78
93.75155641,70.66778576,7.72
177.56605396,-19.60512003,8.14
314.77240693,-13.21571575,8.57
345.16291132,-65.66461661,8.71
66.47107266,47.05847509,7.84
231.95131661,-25.16945975,7.49
314.84642441,36.42883225,8.0
310.49805076,-54.00627671,11.71
146.22122062,-47.48038705,7.8
261.10001482,49.52443672,8.09
305.16347598,16.01544669,7.95
12.68775202,-14.83728926,9.12
54.96794303,55.75828458,8.75
359.59280405,-20.31865255,8.86
102.81199722,15.07658083,7.29
124.8332696,48.12619994,9.38
107.38884865,-28.44462122,8.26
278.76902586,-66.17563901,9.04
112.06781053,4.042163,8.77
4.76222657,53.29820057,8.96
118.38844211,-63.76989312,8.98
49.41715145,31.12718548,6.4
140.29402018,25.16356945,7.26
223.19459937,31.20550193,8.76
354.28682841,14.77999974,7.98
205.43954893,-80.57616136,9.28
251.65544868,-35.79435824,9.04
153.44155122,-63.89994979,8.76
149.39055033,16.45909665,7.29
132.26404714,-43.76122942,7.33
265.45433567,-50.72429568,8.33
57.88150396,42.61793235,8.31
12.76573707,17.37128694,9.99
217.94609122,-44.80668197,7.16
235.1615786,-32.23868391,9.42
222.43458993,3.87083095,7.36
4.15588905,-21.60054162,9.74
284.6249526,-35.88890582,8.87
221.37268727,54.95144111,8.66
75.27509403,3.71733923,7.25
62.41477034,76.9943634,8.82
305.29445232,27.51717219,8.64
297.73398998,68.87320768,9.78
210.63761757,67.09862009,8.61
336.80976708,29.47008994,9.71
105.97676153,-50.66133954,7.19
310.4228918,11.56620879,7.49
176.21852155,-73.15055091,6.96
16.01564833,50.07114879,9.35
28.2621845,-33.31315124,8.2
242.36119623,11.57421532,7.45
286.94730064,-15.12197852,8.67
87.61393079,-43.70014321,8.71
357.99095935,2.93041943,5.59
244.81862397,16.42664769,8.97
227.54105108,-36.55758378,8.65
98.15767232,-6.48849089,8.6
125.9668589,32.29351381,7.72
210.79766567,-39.70275227,8.0
197.48755015,-5.53892987,4.38
305.16954868,-26.14887236,7.89
112.53120164,39.32220226,8.63
128.27101296,-23.62494193,9.07
286.17055765,-21.74135451,3.76
311.66577243,-33.6040811,9.01
162.79144801,53.86568156,8.92
200.82877172,-4.92438824,5.88
333.83334215,62.3120572,8.91
191.37791991,53.38993586,9.54
229.86146717,-19.16916593,8.05
46.96751473,23.68804754,7.97
73.4572069,-17.7718526,10.9
62.59008263,12.07739896,8.11
217.46474416,-63.28922598,9.43
251.34982973,36.85086552,9.95
156.2583918,9.9823552,8.19
226.07201548,-11.02475543,8.21
110.63568771,-39.11736869,8.87
246.40240032,-32.07662186,7.4
316.22218578,-63.50702486,8.46
327.03454401,45.80430625,7.66
242.02131472,-58.97068562,6.74
85.84167554,21.41603924,8.35
125.16203304,-77.4845764,4.34
313.46588477,-55.58735934,8.23
44.9919201,26.88868233,8.47
7.80092777,-41.88160437,9.27
52.24417899,-63.96172068,8.15
165.85457328,40.30629565,9.24
319.79051288,2.08763579,8.69
115.56386831,-52.77082866,8.86
2.28568036,-50.16678657,7.05
275.23207386,-61.84082466,9.72
187.45781814,69.7052463,8.98
172.91429673,30.97266799,8.05
67.88840901,77.78695152,9.28
5.92955787,29.40105284,9.71
209.2433917,-41.89060761,8.52
285.09225701,37.99578201,7.82
348.98645417,-6.88723934,8.74
250.75687368,-39.50923707,8.15
161.6547559,-43.19253898,6.29
101.36608197,-7.13618022,8.44
26.33531596,35.71247762,7.51
82.08054534,21.44368357,8.67
89.63948482,-32.78122735,9.35
16.03718361,-34.4504739,9.33
277.06349421,44.13097898,8.41
17.53084893,-36.54436113,8.12
178.2986707,42.48842316,9.85
190.89414219,-72.44767239,8.78
130.94253032,-71.82602234,8.28
66.41809821,-39.83600911,8.18
312.10972047,45.45209803,7.66
41.85036825,19.8442265,9.09
164.03569939,-21.11036497,9.0
60.95378008,-61.05627042,10.69
219.32671018,4.34909374,10.59
277.79023908,25.16327512,7.81
97.19268426,36.48051961,7.15
349.57860906,44.57281955,9.65
127.13440405,-39.09252643,8.28
164.58967116,59.28164215,8.16
154.77856946,-15.32594956,8.66
296.2467733,51.59475779,10.35
32.28888091,-43.51647088,5.84
122.4298316,-47.9372165,5.23
267.0468906,-34.5819395,7.78
135.86310725,37.84138814,7.04
184.03491194,25.76039686,8.09
293.49850799,15.37441554,8.48
224.86661453,20.37113116,8.56
337.11134172,21.3946012,8.43
103.81613054,-70.48911423,7.07
296.75158713,-26.49046767,7.68
1.89656955,31.66904954,6.87
166.57573102,-37.04849256,9.74
208.60586121,25.20600483,9.17
63.19759094,10.60715111,9.21
238.21699367,-37.39851211,7.74
330.87517066,-5.69265859,7.62
147.14142195,-35.82304194,8.98
135.15853383,-21.21594048,7.11
101.83030167,18.32283341,7.31
94.0577907,5.1141713,7.16
3.89046564,50.0503137,7.45
82.10730741,0.0203603,6.66
80.939426,68.68796335,10.99
115.34051593,-44.63217873,6.41
192.57179055,22.86356935,6.43
345.91263048,31.08795215,8.78
142.56736029,-52.25366428,10.02
154.98597381,-8.69887848,10.74
27.86057251,-45.47109888,7.06
4.3671894,-65.66134075,9.26
324.20312178,-33.04789185,6.1
247.86868657,-44.92883092,10.31
236.71236166,-58.12513844,6.83
260.1037252,16.09919209,7.74
98.25103,-26.77934135,10.06
270.49026736,47.88510694,7.3
340.64992371,74.33121627,7.84
118.30677306,-34.93854086,6.64
316.19170965,-55.33580458,9.64
115.60392674,-13.84847682,8.28
20.49281613,12.60417535,6.97
271.85940921,-29.47581559,8.26
205.72636633,-2.46841028,7.85
140.97752607,1.42586871,7.62
118.74186861,30.85839253,10.16
251.50613304,-35.63909348,9.2
301.84046903,-0.29101545,8.44
23.02285202,54.01896745,7.9
122.51337521,-41.1563524,8.0
0.00091185,1.08901332,9.1
101.04577048,8.4179536,9.34
313.16335749,-8.98323782,4.73
4.58983489,49.50977782,7.84
327.03504788,36.58040284,6.25
315.3264619,10.12414317,8.74
318.04064939,-42.05377148,8.33
49.84195489,-17.42424184,8.77
340.75509173,-10.10271078,7.04
227.88380881,-73.15266418,8.5
275.37286063,51.30114427,6.65
187.98865821,-5.78905333,8.45
336.92429368,-58.01254604,8.01
100.6433439,38.89225093,7.04
245.05775991,80.04253963,9.02
349.49944785,9.50343349,7.63
121.13603787,-25.69969807,6.35
321.91039295,-11.66678817,7.03
57.07533696,50.73677203,6.18
185.86259437,63.03341131,8.16
90.51958108,11.65662007,8.44
147.14481913,-22.68012188,8.34
291.66075736,32.34393294,10.28
271.15706077,-40.63754047,7.19
264.54997051,-28.04672468,6.83
199.46061052,-50.19710843,8.3
74.72359711,10.55507138,10.96
315.48466559,27.12993724,9.14
329.19831489,-46.47986535,7.46
160.46925158,-26.04663834,7.36
282.22350087,40.05968916,8.6
86.28785976,-22.26276216,9.32
98.29266641,-38.62514452,6.44
55.35980619,19.38859629,8.09
62.80516825,41.74755834,6.98
248.96593114,1.21213477,9.18
65.92299201,13.82873269,7.55
103.80154569,50.57206711,7.93
106.12501351,41.61706394,9.76
10.05660934,7.78850743,11.49
183.12395425,16.07010897,10.34
24.61484059,13.9283255,8.08
210.71198447,14.27971953,8.98
188.7269318,-67.75688853,6.11
87.09317755,20.86952409,6.03
290.98376264,-59.97266275,8.94
262.88191577,-17.30915809,9.96
321.126418,55.36673913,7.5
232.92790863,-81.30307418,8.97
17.22110876,-4.72246098,7.96
310.58569486,-65.42964981,9.82
268.62425104,-3.46210471,7.32
